datetime,0
2019-12-01 03:00:00,jp
2019-12-01 04:00:00,
2019-12-01 05:00:00,cn
2019-12-01 06:00:00,Thailand
2019-12-01 08:00:00,in
2019-12-01 15:00:00,au
2019-12-01 17:00:00,ph
2019-12-01 18:00:00,cn
2019-12-01 19:00:00,cn
2019-12-01 20:00:00,in
2019-12-02 04:00:00,id
2019-12-02 06:00:00,
2019-12-02 07:00:00,in
2019-12-02 08:00:00,in
2019-12-02 15:00:00,au
2019-12-02 17:00:00,ph
2019-12-02 18:00:00,cn
2019-12-02 20:00:00,in
2019-12-02 22:00:00,pk
2019-12-03 04:00:00,id
2019-12-03 05:00:00,
2019-12-03 06:00:00,cn
2019-12-03 07:00:00,in
2019-12-03 15:00:00,au
2019-12-03 16:00:00,id
2019-12-03 18:00:00,cn
2019-12-03 20:00:00,in
2019-12-03 21:00:00,pk
2019-12-04 03:00:00,au
2019-12-04 04:00:00,kr
2019-12-04 05:00:00,
2019-12-04 07:00:00,in
2019-12-04 09:00:00,pk
2019-12-04 16:00:00,id
2019-12-04 18:00:00,cn
2019-12-04 19:00:00,in
2019-12-04 21:00:00,in
2019-12-05 03:00:00,id
2019-12-05 05:00:00,
2019-12-05 06:00:00,kh
2019-12-05 07:00:00,Myanmar
2019-12-05 08:00:00,in
2019-12-05 16:00:00,au
2019-12-05 17:00:00,cn
2019-12-05 19:00:00,
2019-12-05 21:00:00,in
2019-12-06 03:00:00,kp
2019-12-06 04:00:00,
2019-12-06 05:00:00,cn
2019-12-06 06:00:00,th
2019-12-06 08:00:00,in
2019-12-06 15:00:00,au
2019-12-06 16:00:00,au
2019-12-06 17:00:00,
2019-12-06 19:00:00,Myanmar
2019-12-06 20:00:00,in
2019-12-07 04:00:00,id
2019-12-07 06:00:00,th
2019-12-07 08:00:00,in
2019-12-07 15:00:00,au
2019-12-07 17:00:00,ph
2019-12-07 18:00:00,Lao_PDR
2019-12-07 19:00:00,id
2019-12-07 20:00:00,in
2019-12-08 02:00:00,ru
2019-12-08 04:00:00,id
2019-12-08 05:00:00,
2019-12-08 06:00:00,Lao_PDR
2019-12-08 07:00:00,in
2019-12-08 15:00:00,au
2019-12-08 16:00:00,
2019-12-08 17:00:00,au
2019-12-08 18:00:00,cn
2019-12-08 20:00:00,in
2019-12-08 21:00:00,kg
2019-12-09 03:00:00,au
2019-12-09 04:00:00,
2019-12-09 05:00:00,
2019-12-09 07:00:00,in
2019-12-09 09:00:00,in
2019-12-09 16:00:00,id
2019-12-09 18:00:00,cn
2019-12-09 19:00:00,in
2019-12-09 20:00:00,lk
2019-12-09 21:00:00,in
2019-12-10 03:00:00,
2019-12-10 05:00:00,ph
2019-12-10 07:00:00,Myanmar
2019-12-10 08:00:00,in
2019-12-10 16:00:00,id
2019-12-10 17:00:00,cn
2019-12-10 18:00:00,id
2019-12-10 19:00:00,bd
2019-12-10 21:00:00,in
2019-12-11 04:00:00,au
2019-12-11 05:00:00,cn
2019-12-11 06:00:00,th
2019-12-11 08:00:00,in
2019-12-11 15:00:00,jp
2019-12-11 16:00:00,au
2019-12-11 17:00:00,cn
2019-12-11 19:00:00,Myanmar
2019-12-11 20:00:00,in
2019-12-11 21:00:00,in
2019-12-12 03:00:00,jp
2019-12-12 04:00:00,
2019-12-12 06:00:00,th
2019-12-12 08:00:00,in
2019-12-12 15:00:00,au
2019-12-12 17:00:00,
2019-12-12 18:00:00,cn
2019-12-12 19:00:00,th
2019-12-12 20:00:00,in
2019-12-13 04:00:00,ph
2019-12-13 05:00:00,au
2019-12-13 06:00:00,Lao_PDR
2019-12-13 07:00:00,in
2019-12-13 15:00:00,au
2019-12-13 16:00:00,
2019-12-13 17:00:00,
2019-12-13 18:00:00,cn
2019-12-13 20:00:00,in
2019-12-14 04:00:00,
2019-12-14 05:00:00,vn
2019-12-14 07:00:00,
2019-12-14 09:00:00,in
2019-12-14 16:00:00,
2019-12-14 18:00:00,cn
2019-12-14 19:00:00,cn
2019-12-14 20:00:00,in
2019-12-14 21:00:00,in
2019-12-15 03:00:00,id
2019-12-15 05:00:00,ph
2019-12-15 07:00:00,Myanmar
2019-12-15 08:00:00,in
2019-12-15 16:00:00,id
2019-12-15 17:00:00,
2019-12-15 18:00:00,cn
2019-12-15 19:00:00,bd
2019-12-15 21:00:00,in
2019-12-16 03:00:00,jp
2019-12-16 05:00:00,id
2019-12-16 06:00:00,th
2019-12-16 07:00:00,cn
2019-12-16 08:00:00,in
2019-12-16 16:00:00,au
2019-12-16 17:00:00,cn
2019-12-16 19:00:00,Myanmar
2019-12-16 21:00:00,in
2019-12-17 04:00:00,
2019-12-17 05:00:00,cn
2019-12-17 06:00:00,th
2019-12-17 08:00:00,in
2019-12-17 15:00:00,au
2019-12-17 17:00:00,ph
2019-12-17 18:00:00,cn
2019-12-17 19:00:00,mm
2019-12-17 20:00:00,in
2019-12-18 04:00:00,au
2019-12-18 06:00:00,kh
2019-12-18 07:00:00,in
2019-12-18 08:00:00,in
2019-12-18 15:00:00,au
2019-12-18 17:00:00,id
2019-12-18 18:00:00,cn
2019-12-18 20:00:00,in
2019-12-19 04:00:00,au
2019-12-19 05:00:00,id
2019-12-19 06:00:00,cn
2019-12-19 07:00:00,in
2019-12-19 15:00:00,au
2019-12-19 16:00:00,id
2019-12-19 18:00:00,Lao_PDR
2019-12-19 20:00:00,in
2019-12-19 21:00:00,in
2019-12-20 03:00:00,au
2019-12-20 04:00:00,kr
2019-12-20 05:00:00,
2019-12-20 07:00:00,
2019-12-20 09:00:00,in
2019-12-20 16:00:00,id
2019-12-20 18:00:00,cn
2019-12-20 19:00:00,in
2019-12-20 21:00:00,in
2019-12-21 03:00:00,kp
2019-12-21 05:00:00,id
2019-12-21 06:00:00,kh
2019-12-21 07:00:00,Myanmar
2019-12-21 08:00:00,in
2019-12-21 16:00:00,au
2019-12-21 17:00:00,
2019-12-21 19:00:00,Myanmar
2019-12-21 21:00:00,in
2019-12-22 04:00:00,au
2019-12-22 05:00:00,cn
2019-12-22 06:00:00,th
2019-12-22 08:00:00,in
2019-12-22 15:00:00,au
2019-12-22 16:00:00,au
2019-12-22 17:00:00,tw
2019-12-22 19:00:00,la
2019-12-22 20:00:00,in
2019-12-23 04:00:00,
2019-12-23 06:00:00,th
2019-12-23 08:00:00,in
2019-12-23 15:00:00,au
2019-12-23 17:00:00,
2019-12-23 18:00:00,th
2019-12-23 20:00:00,in
2019-12-24 04:00:00,au
2019-12-24 05:00:00,
2019-12-24 06:00:00,th
2019-12-24 07:00:00,in
2019-12-24 15:00:00,au
2019-12-24 16:00:00,jp
2019-12-24 17:00:00,au
2019-12-24 18:00:00,th
2019-12-24 20:00:00,in
2019-12-24 21:00:00,pk
2019-12-25 03:00:00,au
2019-12-25 04:00:00,
2019-12-25 05:00:00,
2019-12-25 07:00:00,
2019-12-25 09:00:00,in
2019-12-25 16:00:00,au
2019-12-25 18:00:00,vn
2019-12-25 19:00:00,in
2019-12-25 21:00:00,in
2019-12-26 03:00:00,au
2019-12-26 05:00:00,id
2019-12-26 07:00:00,th
2019-12-26 08:00:00,in
2019-12-26 16:00:00,au
2019-12-26 17:00:00,cn
2019-12-26 18:00:00,id
2019-12-26 19:00:00,Myanmar
2019-12-27 04:00:00,au
2019-12-27 05:00:00,cn
2019-12-27 06:00:00,mm
2019-12-27 08:00:00,in
2019-12-27 15:00:00,jp
2019-12-27 16:00:00,id
2019-12-27 17:00:00,cn
2019-12-27 19:00:00,Myanmar
2019-12-27 20:00:00,in
2019-12-27 21:00:00,in
2019-12-28 04:00:00,id
2019-12-28 06:00:00,th
2019-12-28 08:00:00,in
2019-12-28 15:00:00,au
2019-12-28 17:00:00,jp
2019-12-28 18:00:00,cn
2019-12-28 19:00:00,th
2019-12-28 20:00:00,in
2019-12-29 04:00:00,
2019-12-29 05:00:00,au
2019-12-29 06:00:00,kh
2019-12-29 07:00:00,in
2019-12-29 15:00:00,au
2019-12-29 16:00:00,cn
2019-12-29 17:00:00,id
2019-12-29 18:00:00,la
2019-12-29 20:00:00,in
2019-12-30 04:00:00,id
2019-12-30 05:00:00,th
2019-12-30 07:00:00,in
2019-12-30 09:00:00,in
2019-12-30 16:00:00,
2019-12-30 18:00:00,Lao_PDR
2019-12-30 19:00:00,cn
2019-12-30 20:00:00,in
2019-12-30 21:00:00,in
2019-12-31 03:00:00,id
2019-12-31 05:00:00,vn
2019-12-31 07:00:00,Myanmar
2019-12-31 08:00:00,in
2019-12-31 16:00:00,
2019-12-31 17:00:00,cn
2019-12-31 18:00:00,Cambodia
2019-12-31 19:00:00,
2019-12-31 21:00:00,in
2020-01-01 03:00:00,jp
2020-01-01 05:00:00,
2020-01-01 06:00:00,th
2020-01-01 07:00:00,cn
2020-01-01 08:00:00,in
2020-01-01 15:00:00,
2020-01-01 16:00:00,au
2020-01-01 17:00:00,
2020-01-01 19:00:00,th
2020-01-01 20:00:00,cn
2020-01-01 21:00:00,in
2020-01-02 04:00:00,id
2020-01-02 05:00:00,cn
2020-01-02 06:00:00,th
2020-01-02 08:00:00,in
2020-01-02 15:00:00,
2020-01-02 17:00:00,
2020-01-02 18:00:00,mn
2020-01-02 19:00:00,th
2020-01-02 20:00:00,in
2020-01-03 04:00:00,
2020-01-03 06:00:00,th
2020-01-03 07:00:00,in
2020-01-03 08:00:00,in
2020-01-03 15:00:00,au
2020-01-03 17:00:00,
2020-01-03 18:00:00,la
2020-01-03 20:00:00,in
2020-01-03 22:00:00,pk
2020-01-04 04:00:00,
2020-01-04 05:00:00,kh
2020-01-04 06:00:00,cn
2020-01-04 07:00:00,in
2020-01-04 09:00:00,
2020-01-04 16:00:00,
2020-01-04 18:00:00,la
2020-01-04 20:00:00,in
2020-01-04 21:00:00,in
2020-01-05 03:00:00,au
2020-01-05 04:00:00,
2020-01-05 05:00:00,kh
2020-01-05 07:00:00,Myanmar
2020-01-05 09:00:00,in
2020-01-05 16:00:00,
2020-01-05 18:00:00,Lao_PDR
2020-01-05 19:00:00,in
2020-01-05 21:00:00,in
2020-01-06 03:00:00,
2020-01-06 05:00:00,
2020-01-06 06:00:00,kh
2020-01-06 07:00:00,Myanmar
2020-01-06 08:00:00,in
2020-01-06 16:00:00,
2020-01-06 17:00:00,vn
2020-01-06 19:00:00,Myanmar
2020-01-06 21:00:00,in
2020-01-07 04:00:00,id
2020-01-07 05:00:00,cn
2020-01-07 06:00:00,th
2020-01-07 08:00:00,in
2020-01-07 17:00:00,cn
2020-01-07 19:00:00,th
2020-01-07 20:00:00,in
2020-01-08 03:00:00,jp
2020-01-08 04:00:00,
2020-01-08 06:00:00,th
2020-01-08 08:00:00,in
2020-01-08 17:00:00,
2020-01-08 18:00:00,th
2020-01-08 20:00:00,in
2020-01-09 04:00:00,
2020-01-09 05:00:00,id
2020-01-09 06:00:00,th
2020-01-09 07:00:00,in
2020-01-09 15:00:00,au
2020-01-09 16:00:00,
2020-01-09 17:00:00,
2020-01-09 18:00:00,th
2020-01-09 20:00:00,in
2020-01-09 21:00:00,pk
2020-01-10 03:00:00,au
2020-01-10 04:00:00,kr
2020-01-10 05:00:00,la
2020-01-10 07:00:00,Myanmar
2020-01-10 09:00:00,in
2020-01-10 16:00:00,
2020-01-10 18:00:00,Lao_PDR
2020-01-10 19:00:00,in
2020-01-10 20:00:00,in
2020-01-10 21:00:00,in
2020-01-11 03:00:00,jp
2020-01-11 05:00:00,
2020-01-11 07:00:00,th
2020-01-11 08:00:00,in
2020-01-11 16:00:00,
2020-01-11 17:00:00,cn
2020-01-11 18:00:00,my
2020-01-11 19:00:00,Myanmar
2020-01-11 21:00:00,in
2020-01-12 03:00:00,kr
2020-01-12 04:00:00,au
2020-01-12 05:00:00,cn
2020-01-12 06:00:00,th
2020-01-12 08:00:00,in
2020-01-12 15:00:00,jp
2020-01-12 16:00:00,au
2020-01-12 17:00:00,cn
2020-01-12 19:00:00,Myanmar
2020-01-12 20:00:00,in
2020-01-12 21:00:00,in
2020-01-13 04:00:00,
2020-01-13 06:00:00,th
2020-01-13 08:00:00,in
2020-01-13 17:00:00,
2020-01-13 18:00:00,Myanmar
2020-01-13 19:00:00,th
2020-01-13 20:00:00,in
2020-01-14 04:00:00,
2020-01-14 05:00:00,au
2020-01-14 06:00:00,kh
2020-01-14 07:00:00,in
2020-01-14 15:00:00,au
2020-01-14 16:00:00,kr
2020-01-14 17:00:00,id
2020-01-14 18:00:00,th
2020-01-14 20:00:00,in
2020-01-15 04:00:00,
2020-01-15 05:00:00,th
2020-01-15 07:00:00,
2020-01-15 09:00:00,in
2020-01-15 16:00:00,
2020-01-15 18:00:00,th
2020-01-15 19:00:00,cn
2020-01-15 21:00:00,in
2020-01-16 03:00:00,kp
2020-01-16 05:00:00,kh
2020-01-16 07:00:00,th
2020-01-16 08:00:00,in
2020-01-16 16:00:00,id
2020-01-16 17:00:00,cn
2020-01-16 18:00:00,kh
2020-01-16 19:00:00,
2020-01-16 21:00:00,in
2020-01-17 03:00:00,cn
2020-01-17 05:00:00,
2020-01-17 06:00:00,th
2020-01-17 08:00:00,in
2020-01-17 15:00:00,jp
2020-01-17 16:00:00,au
2020-01-17 17:00:00,
2020-01-17 19:00:00,Myanmar
2020-01-17 20:00:00,cn
2020-01-17 21:00:00,in
2020-01-18 03:00:00,jp
2020-01-18 04:00:00,id
2020-01-18 05:00:00,cn
2020-01-18 06:00:00,th
2020-01-18 08:00:00,in
2020-01-18 15:00:00,au
2020-01-18 17:00:00,
2020-01-18 18:00:00,cn
2020-01-18 19:00:00,th
2020-01-18 20:00:00,in
2020-01-19 04:00:00,
2020-01-19 06:00:00,kh
2020-01-19 07:00:00,in
2020-01-19 08:00:00,pk
2020-01-19 15:00:00,au
2020-01-19 16:00:00,cn
2020-01-19 17:00:00,
2020-01-19 18:00:00,th
2020-01-19 20:00:00,in
2020-01-20 04:00:00,
2020-01-20 05:00:00,kh
2020-01-20 06:00:00,cn
2020-01-20 07:00:00,
2020-01-20 16:00:00,
2020-01-20 18:00:00,la
2020-01-20 20:00:00,in
2020-01-20 21:00:00,
2020-01-21 03:00:00,id
2020-01-21 04:00:00,kp
2020-01-21 05:00:00,kh
2020-01-21 07:00:00,Myanmar
2020-01-21 08:00:00,in
2020-01-21 09:00:00,in
2020-01-21 16:00:00,
2020-01-21 18:00:00,Lao_PDR
2020-01-21 19:00:00,in
2020-01-21 21:00:00,in
2020-01-22 03:00:00,kp
2020-01-22 05:00:00,
2020-01-22 06:00:00,kh
2020-01-22 07:00:00,mm
2020-01-22 08:00:00,in
2020-01-22 16:00:00,id
2020-01-22 17:00:00,
2020-01-22 19:00:00,Myanmar
2020-01-22 21:00:00,in
2020-01-23 03:00:00,cn
2020-01-23 04:00:00,id
2020-01-23 05:00:00,cn
2020-01-23 06:00:00,th
2020-01-23 08:00:00,in
2020-01-23 15:00:00,id
2020-01-23 17:00:00,
2020-01-23 19:00:00,th
2020-01-23 20:00:00,in
2020-01-24 04:00:00,cn
2020-01-24 06:00:00,th
2020-01-24 08:00:00,in
2020-01-24 17:00:00,ph
2020-01-24 18:00:00,th
2020-01-24 20:00:00,in
2020-01-25 04:00:00,
2020-01-25 05:00:00,id
2020-01-25 06:00:00,th
2020-01-25 07:00:00,in
2020-01-25 16:00:00,ph
2020-01-25 17:00:00,
2020-01-25 18:00:00,th
2020-01-25 20:00:00,in
2020-01-25 21:00:00,pk
2020-01-26 03:00:00,
2020-01-26 04:00:00,cn
2020-01-26 05:00:00,th
2020-01-26 07:00:00,Myanmar
2020-01-26 09:00:00,in
2020-01-26 16:00:00,id
2020-01-26 18:00:00,th
2020-01-26 19:00:00,
2020-01-26 20:00:00,lk
2020-01-26 21:00:00,in
2020-01-27 03:00:00,cn
2020-01-27 05:00:00,
2020-01-27 07:00:00,th
2020-01-27 08:00:00,in
2020-01-27 16:00:00,
2020-01-27 17:00:00,Lao_PDR
2020-01-27 18:00:00,id
2020-01-27 19:00:00,Myanmar
2020-01-27 21:00:00,in
2020-01-28 03:00:00,jp
2020-01-28 04:00:00,au
2020-01-28 05:00:00,
2020-01-28 06:00:00,th
2020-01-28 08:00:00,in
2020-01-28 15:00:00,jp
2020-01-28 16:00:00,id
2020-01-28 17:00:00,
2020-01-28 19:00:00,th
2020-01-28 20:00:00,in
2020-01-28 21:00:00,in
2020-01-29 03:00:00,jp
2020-01-29 04:00:00,tw
2020-01-29 06:00:00,th
2020-01-29 08:00:00,in
2020-01-29 17:00:00,
2020-01-29 18:00:00,cn
2020-01-29 19:00:00,th
2020-01-29 20:00:00,in
2020-01-30 04:00:00,
2020-01-30 05:00:00,au
2020-01-30 06:00:00,la
2020-01-30 07:00:00,in
2020-01-30 16:00:00,kr
2020-01-30 17:00:00,
2020-01-30 18:00:00,la
2020-01-30 20:00:00,in
2020-01-30 21:00:00,pk
2020-01-31 04:00:00,
2020-01-31 05:00:00,
2020-01-31 07:00:00,
2020-01-31 09:00:00,in
2020-01-31 16:00:00,
2020-01-31 18:00:00,Lao_PDR
2020-01-31 19:00:00,cn
2020-01-31 20:00:00,in
2020-01-31 21:00:00,in
2020-02-01 03:00:00,cn
2020-02-01 05:00:00,cn
2020-02-01 07:00:00,Myanmar
2020-02-01 08:00:00,in
2020-02-01 16:00:00,
2020-02-01 17:00:00,
2020-02-01 18:00:00,Cambodia
2020-02-01 19:00:00,
2020-02-01 21:00:00,in
2020-02-02 03:00:00,jp
2020-02-02 05:00:00,
2020-02-02 06:00:00,th
2020-02-02 07:00:00,cn
2020-02-02 08:00:00,in
2020-02-02 15:00:00,jp
2020-02-02 16:00:00,id
2020-02-02 17:00:00,
2020-02-02 19:00:00,Myanmar
2020-02-02 20:00:00,cn
2020-02-02 21:00:00,in
2020-02-03 04:00:00,
2020-02-03 05:00:00,cn
2020-02-03 06:00:00,th
2020-02-03 08:00:00,in
2020-02-03 17:00:00,
2020-02-03 18:00:00,mn
2020-02-03 19:00:00,th
2020-02-03 20:00:00,in
2020-02-04 02:00:00,jp
2020-02-04 04:00:00,cn
2020-02-04 06:00:00,cn
2020-02-04 07:00:00,in
2020-02-04 08:00:00,in
2020-02-04 16:00:00,cn
2020-02-04 17:00:00,
2020-02-04 18:00:00,th
2020-02-04 20:00:00,in
2020-02-04 22:00:00,pk
2020-02-05 04:00:00,cn
2020-02-05 05:00:00,th
2020-02-05 06:00:00,cn
2020-02-05 07:00:00,in
2020-02-05 16:00:00,
2020-02-05 18:00:00,th
2020-02-05 20:00:00,in
2020-02-05 21:00:00,in
2020-02-06 04:00:00,
2020-02-06 05:00:00,Lao_PDR
2020-02-06 07:00:00,Myanmar
2020-02-06 09:00:00,in
2020-02-06 16:00:00,
2020-02-06 18:00:00,th
2020-02-06 19:00:00,
2020-02-06 21:00:00,in
2020-02-07 03:00:00,cn
2020-02-07 05:00:00,
2020-02-07 06:00:00,kh
2020-02-07 07:00:00,Myanmar
2020-02-07 08:00:00,in
2020-02-07 16:00:00,id
2020-02-07 17:00:00,vn
2020-02-07 19:00:00,mm
2020-02-07 21:00:00,in
2020-02-08 03:00:00,kp
2020-02-08 04:00:00,id
2020-02-08 05:00:00,cn
2020-02-08 06:00:00,th
2020-02-08 08:00:00,in
2020-02-08 15:00:00,
2020-02-08 17:00:00,cn
2020-02-08 19:00:00,th
2020-02-08 20:00:00,in
2020-02-09 04:00:00,cn
2020-02-09 06:00:00,th
2020-02-09 08:00:00,in
2020-02-09 17:00:00,
2020-02-09 18:00:00,th
2020-02-09 20:00:00,in
2020-02-10 02:00:00,ru
2020-02-10 04:00:00,cn
2020-02-10 05:00:00,id
2020-02-10 06:00:00,Lao_PDR
2020-02-10 07:00:00,in
2020-02-10 15:00:00,au
2020-02-10 16:00:00,
2020-02-10 17:00:00,id
2020-02-10 18:00:00,la
2020-02-10 20:00:00,in
2020-02-11 04:00:00,cn
2020-02-11 05:00:00,Lao_PDR
2020-02-11 07:00:00,Myanmar
2020-02-11 09:00:00,in
2020-02-11 16:00:00,
2020-02-11 18:00:00,Lao_PDR
2020-02-11 19:00:00,in
2020-02-11 20:00:00,in
2020-02-11 21:00:00,in
2020-02-12 03:00:00,cn
2020-02-12 05:00:00,cn
2020-02-12 07:00:00,th
2020-02-12 08:00:00,in
2020-02-12 16:00:00,
2020-02-12 17:00:00,cn
2020-02-12 18:00:00,id
2020-02-12 19:00:00,Myanmar
2020-02-12 21:00:00,in
2020-02-13 03:00:00,kp
2020-02-13 04:00:00,au
2020-02-13 05:00:00,cn
2020-02-13 06:00:00,th
2020-02-13 08:00:00,in
2020-02-13 15:00:00,jp
2020-02-13 16:00:00,
2020-02-13 17:00:00,
2020-02-13 19:00:00,mm
2020-02-13 20:00:00,in
2020-02-13 21:00:00,in
2020-02-14 03:00:00,
2020-02-14 04:00:00,
2020-02-14 06:00:00,la
2020-02-14 08:00:00,in
2020-02-14 15:00:00,
2020-02-14 17:00:00,
2020-02-14 18:00:00,Myanmar
2020-02-14 19:00:00,th
2020-02-14 20:00:00,in
2020-02-15 04:00:00,
2020-02-15 05:00:00,au
2020-02-15 06:00:00,th
2020-02-15 07:00:00,in
2020-02-15 15:00:00,au
2020-02-15 16:00:00,cn
2020-02-15 17:00:00,
2020-02-15 18:00:00,th
2020-02-15 20:00:00,in
2020-02-16 04:00:00,
2020-02-16 05:00:00,th
2020-02-16 07:00:00,
2020-02-16 09:00:00,in
2020-02-16 16:00:00,
2020-02-16 18:00:00,th
2020-02-16 19:00:00,pk
2020-02-16 20:00:00,in
2020-02-16 21:00:00,pk
2020-02-17 03:00:00,
2020-02-17 05:00:00,cn
2020-02-17 07:00:00,Myanmar
2020-02-17 08:00:00,in
2020-02-17 16:00:00,
2020-02-17 17:00:00,cn
2020-02-17 18:00:00,th
2020-02-17 19:00:00,Myanmar
2020-02-17 21:00:00,pk
2020-02-18 03:00:00,cn
2020-02-18 05:00:00,cn
2020-02-18 06:00:00,th
2020-02-18 07:00:00,cn
2020-02-18 08:00:00,in
2020-02-18 15:00:00,jp
2020-02-18 16:00:00,au
2020-02-18 17:00:00,
2020-02-18 19:00:00,Myanmar
2020-02-18 21:00:00,in
2020-02-19 03:00:00,kp
2020-02-19 04:00:00,ph
2020-02-19 05:00:00,cn
2020-02-19 06:00:00,th
2020-02-19 08:00:00,in
2020-02-19 17:00:00,
2020-02-19 18:00:00,cn
2020-02-19 19:00:00,th
2020-02-19 20:00:00,in
2020-02-20 04:00:00,cn
2020-02-20 06:00:00,th
2020-02-20 07:00:00,in
2020-02-20 08:00:00,in
2020-02-20 17:00:00,
2020-02-20 18:00:00,th
2020-02-20 20:00:00,in
2020-02-21 04:00:00,
2020-02-21 05:00:00,th
2020-02-21 06:00:00,cn
2020-02-21 07:00:00,
2020-02-21 16:00:00,ph
2020-02-21 18:00:00,th
2020-02-21 20:00:00,in
2020-02-21 21:00:00,pk
2020-02-22 03:00:00,id
2020-02-22 04:00:00,cn
2020-02-22 05:00:00,Lao_PDR
2020-02-22 07:00:00,Myanmar
2020-02-22 08:00:00,in
2020-02-22 09:00:00,in
2020-02-22 16:00:00,
2020-02-22 18:00:00,Lao_PDR
2020-02-22 19:00:00,Myanmar
2020-02-22 21:00:00,in
2020-02-23 03:00:00,jp
2020-02-23 05:00:00,
2020-02-23 06:00:00,kh
2020-02-23 07:00:00,th
2020-02-23 08:00:00,in
2020-02-23 16:00:00,
2020-02-23 17:00:00,vn
2020-02-23 19:00:00,th
2020-02-23 21:00:00,in
2020-02-24 03:00:00,jp
2020-02-24 04:00:00,
2020-02-24 05:00:00,cn
2020-02-24 06:00:00,th
2020-02-24 08:00:00,in
2020-02-24 16:00:00,au
2020-02-24 17:00:00,cn
2020-02-24 19:00:00,th
2020-02-24 20:00:00,in
2020-02-25 04:00:00,tw
2020-02-25 06:00:00,th
2020-02-25 08:00:00,in
2020-02-25 15:00:00,au
2020-02-25 17:00:00,ph
2020-02-25 18:00:00,th
2020-02-25 20:00:00,in
2020-02-26 04:00:00,cn
2020-02-26 05:00:00,id
2020-02-26 06:00:00,th
2020-02-26 07:00:00,in
2020-02-26 16:00:00,jp
2020-02-26 17:00:00,au
2020-02-26 18:00:00,th
2020-02-26 20:00:00,in
2020-02-26 21:00:00,pk
2020-02-27 03:00:00,id
2020-02-27 04:00:00,cn
2020-02-27 05:00:00,Lao_PDR
2020-02-27 07:00:00,
2020-02-27 09:00:00,in
2020-02-27 16:00:00,
2020-02-27 18:00:00,th
2020-02-27 19:00:00,in
2020-02-27 20:00:00,in
2020-02-27 21:00:00,
2020-02-28 03:00:00,
2020-02-28 05:00:00,
2020-02-28 07:00:00,th
2020-02-28 08:00:00,in
2020-02-28 16:00:00,
2020-02-28 17:00:00,Lao_PDR
2020-02-28 18:00:00,id
2020-02-28 19:00:00,Myanmar
2020-02-28 21:00:00,in
2020-02-29 03:00:00,cn
2020-02-29 05:00:00,
2020-02-29 06:00:00,th
2020-02-29 08:00:00,in
2020-02-29 15:00:00,jp
2020-02-29 17:00:00,cn
2020-02-29 19:00:00,mm
2020-02-29 20:00:00,in
2020-02-29 21:00:00,in
2020-03-01 04:00:00,ph
2020-03-01 06:00:00,th
2020-03-01 08:00:00,in
2020-03-01 17:00:00,
2020-03-01 18:00:00,Myanmar
2020-03-01 19:00:00,th
2020-03-01 20:00:00,in
2020-03-01 22:00:00,uz
2020-03-02 04:00:00,cn
2020-03-02 06:00:00,la
2020-03-02 07:00:00,in
2020-03-02 16:00:00,jp
2020-03-02 17:00:00,ph
2020-03-02 18:00:00,th
2020-03-02 20:00:00,in
2020-03-02 21:00:00,pk
2020-03-03 04:00:00,
2020-03-03 05:00:00,la
2020-03-03 07:00:00,
2020-03-03 09:00:00,in
2020-03-03 16:00:00,
2020-03-03 18:00:00,th
2020-03-03 19:00:00,cn
2020-03-03 20:00:00,
2020-03-03 21:00:00,in
2020-03-04 03:00:00,cn
2020-03-04 05:00:00,
2020-03-04 07:00:00,Myanmar
2020-03-04 08:00:00,in
2020-03-04 09:00:00,kz
2020-03-04 16:00:00,id
2020-03-04 17:00:00,cn
2020-03-04 18:00:00,Cambodia
2020-03-04 19:00:00,Myanmar
2020-03-04 21:00:00,in
2020-03-05 03:00:00,kr
2020-03-05 05:00:00,cn
2020-03-05 06:00:00,th
2020-03-05 07:00:00,cn
2020-03-05 08:00:00,in
2020-03-05 15:00:00,jp
2020-03-05 16:00:00,
2020-03-05 17:00:00,cn
2020-03-05 19:00:00,Myanmar
2020-03-05 20:00:00,cn
2020-03-05 21:00:00,in
2020-03-06 03:00:00,jp
2020-03-06 04:00:00,
2020-03-06 05:00:00,cn
2020-03-06 06:00:00,th
2020-03-06 08:00:00,in
2020-03-06 15:00:00,jp
2020-03-06 17:00:00,
2020-03-06 18:00:00,cn
2020-03-06 19:00:00,Myanmar
2020-03-06 20:00:00,in
2020-03-07 02:00:00,jp
2020-03-07 04:00:00,cn
2020-03-07 06:00:00,la
2020-03-07 07:00:00,in
2020-03-07 08:00:00,in
2020-03-07 16:00:00,cn
2020-03-07 17:00:00,tw
2020-03-07 18:00:00,la
2020-03-07 20:00:00,in
2020-03-08 04:00:00,
2020-03-08 05:00:00,th
2020-03-08 06:00:00,cn
2020-03-08 07:00:00,
2020-03-08 09:00:00,
2020-03-08 16:00:00,jp
2020-03-08 18:00:00,la
2020-03-08 20:00:00,in
2020-03-08 21:00:00,in
2020-03-09 03:00:00,id
2020-03-09 04:00:00,kp
2020-03-09 05:00:00,la
2020-03-09 07:00:00,Myanmar
2020-03-09 08:00:00,in
2020-03-09 09:00:00,in
2020-03-09 16:00:00,tl
2020-03-09 18:00:00,vn
2020-03-09 19:00:00,Myanmar
2020-03-09 21:00:00,in
2020-03-10 03:00:00,cn
2020-03-10 05:00:00,
2020-03-10 06:00:00,kh
2020-03-10 07:00:00,mm
2020-03-10 08:00:00,in
2020-03-10 16:00:00,
2020-03-10 17:00:00,cn
2020-03-10 19:00:00,Myanmar
2020-03-10 21:00:00,in
2020-03-11 03:00:00,kp
2020-03-11 04:00:00,
2020-03-11 05:00:00,cn
2020-03-11 06:00:00,th
2020-03-11 08:00:00,in
2020-03-11 15:00:00,jp
2020-03-11 16:00:00,au
2020-03-11 17:00:00,cn
2020-03-11 19:00:00,mm
2020-03-11 20:00:00,in
2020-03-12 03:00:00,cn
2020-03-12 04:00:00,ph
2020-03-12 06:00:00,la
2020-03-12 08:00:00,in
2020-03-12 17:00:00,
2020-03-12 18:00:00,th
2020-03-12 20:00:00,in
2020-03-13 02:00:00,ru
2020-03-13 04:00:00,
2020-03-13 05:00:00,id
2020-03-13 06:00:00,th
2020-03-13 07:00:00,in
2020-03-13 16:00:00,ph
2020-03-13 17:00:00,au
2020-03-13 18:00:00,la
2020-03-13 20:00:00,in
2020-03-13 21:00:00,kg
2020-03-14 04:00:00,cn
2020-03-14 05:00:00,la
2020-03-14 07:00:00,Myanmar
2020-03-14 09:00:00,in
2020-03-14 16:00:00,id
2020-03-14 18:00:00,Lao_PDR
2020-03-14 19:00:00,
2020-03-14 20:00:00,
2020-03-14 21:00:00,in
2020-03-15 03:00:00,
2020-03-15 05:00:00,
2020-03-15 07:00:00,Myanmar
2020-03-15 08:00:00,in
2020-03-15 16:00:00,
2020-03-15 17:00:00,cn
2020-03-15 18:00:00,my
2020-03-15 19:00:00,Myanmar
2020-03-15 21:00:00,in
2020-03-16 03:00:00,cn
2020-03-16 04:00:00,au
2020-03-16 05:00:00,
2020-03-16 06:00:00,Myanmar
2020-03-16 08:00:00,in
2020-03-16 15:00:00,jp
2020-03-16 16:00:00,au
2020-03-16 17:00:00,cn
2020-03-16 19:00:00,Myanmar
2020-03-16 20:00:00,in
2020-03-16 21:00:00,in
2020-03-17 03:00:00,
2020-03-17 04:00:00,ph
2020-03-17 06:00:00,th
2020-03-17 08:00:00,in
2020-03-17 15:00:00,au
2020-03-17 17:00:00,tw
2020-03-17 18:00:00,Myanmar
2020-03-17 19:00:00,th
2020-03-17 20:00:00,in
2020-03-18 02:00:00,ru
2020-03-18 04:00:00,tw
2020-03-18 05:00:00,au
2020-03-18 06:00:00,la
2020-03-18 07:00:00,in
2020-03-18 16:00:00,
2020-03-18 17:00:00,id
2020-03-18 18:00:00,Lao_PDR
2020-03-18 20:00:00,in
2020-03-18 21:00:00,kg
2020-03-19 04:00:00,
2020-03-19 05:00:00,vn
2020-03-19 07:00:00,
2020-03-19 09:00:00,in
2020-03-19 16:00:00,
2020-03-19 18:00:00,Lao_PDR
2020-03-19 19:00:00,cn
2020-03-19 20:00:00,
2020-03-19 21:00:00,pk
2020-03-20 03:00:00,kp
2020-03-20 05:00:00,cn
2020-03-20 07:00:00,Myanmar
2020-03-20 08:00:00,in
2020-03-20 09:00:00,kz
2020-03-20 16:00:00,
2020-03-20 17:00:00,cn
2020-03-20 18:00:00,Lao_PDR
2020-03-20 19:00:00,Myanmar
2020-03-20 21:00:00,in
2020-03-21 03:00:00,kr
2020-03-21 05:00:00,
2020-03-21 06:00:00,th
2020-03-21 07:00:00,cn
2020-03-21 08:00:00,in
2020-03-21 15:00:00,jp
2020-03-21 16:00:00,au
2020-03-21 17:00:00,cn
2020-03-21 19:00:00,Myanmar
2020-03-21 20:00:00,cn
2020-03-21 21:00:00,in
2020-03-22 03:00:00,cn
2020-03-22 04:00:00,ph
2020-03-22 05:00:00,cn
2020-03-22 06:00:00,th
2020-03-22 08:00:00,in
2020-03-22 15:00:00,au
2020-03-22 17:00:00,cn
2020-03-22 18:00:00,cn
2020-03-22 19:00:00,th
2020-03-22 20:00:00,in
2020-03-23 02:00:00,jp
2020-03-23 03:00:00,cn
2020-03-23 04:00:00,
2020-03-23 06:00:00,th
2020-03-23 07:00:00,in
2020-03-23 08:00:00,in
2020-03-23 16:00:00,cn
2020-03-23 17:00:00,
2020-03-23 18:00:00,la
2020-03-23 20:00:00,in
2020-03-23 22:00:00,kz
2020-03-24 02:00:00,ru
2020-03-24 04:00:00,kp
2020-03-24 05:00:00,th
2020-03-24 06:00:00,Myanmar
2020-03-24 07:00:00,
2020-03-24 09:00:00,in
2020-03-24 16:00:00,
2020-03-24 18:00:00,la
2020-03-24 20:00:00,in
2020-03-24 21:00:00,in
2020-03-25 04:00:00,kp
2020-03-25 05:00:00,vn
2020-03-25 07:00:00,Myanmar
2020-03-25 08:00:00,in
2020-03-25 09:00:00,in
2020-03-25 16:00:00,
2020-03-25 18:00:00,la
2020-03-25 19:00:00,Myanmar
2020-03-25 21:00:00,in
2020-03-26 03:00:00,
2020-03-26 05:00:00,my
2020-03-26 06:00:00,kh
2020-03-26 07:00:00,Myanmar
2020-03-26 08:00:00,in
2020-03-26 16:00:00,au
2020-03-26 17:00:00,cn
2020-03-26 19:00:00,mm
2020-03-26 21:00:00,in
2020-03-27 03:00:00,cn
2020-03-27 04:00:00,id
2020-03-27 05:00:00,cn
2020-03-27 06:00:00,mm
2020-03-27 08:00:00,in
2020-03-27 15:00:00,au
2020-03-27 16:00:00,au
2020-03-27 17:00:00,cn
2020-03-27 19:00:00,th
2020-03-27 20:00:00,in
2020-03-28 03:00:00,cn
2020-03-28 04:00:00,
2020-03-28 06:00:00,mm
2020-03-28 08:00:00,in
2020-03-28 15:00:00,au
2020-03-28 17:00:00,
2020-03-28 18:00:00,th
2020-03-28 20:00:00,in
2020-03-29 02:00:00,ru
2020-03-29 04:00:00,
2020-03-29 05:00:00,
2020-03-29 06:00:00,th
2020-03-29 07:00:00,in
2020-03-29 16:00:00,kr
2020-03-29 17:00:00,au
2020-03-29 18:00:00,Lao_PDR
2020-03-29 20:00:00,in
2020-03-29 21:00:00,kg
2020-03-30 02:00:00,ru
2020-03-30 03:00:00,id
2020-03-30 04:00:00,cn
2020-03-30 05:00:00,la
2020-03-30 07:00:00,bd
2020-03-30 09:00:00,in
2020-03-30 16:00:00,id
2020-03-30 18:00:00,la
2020-03-30 19:00:00,Myanmar
2020-03-30 20:00:00,in
2020-03-30 21:00:00,in
2020-03-31 03:00:00,cn
2020-03-31 05:00:00,
2020-03-31 06:00:00,id
2020-03-31 07:00:00,Myanmar
2020-03-31 08:00:00,in
2020-03-31 16:00:00,au
2020-03-31 17:00:00,cn
2020-03-31 18:00:00,
2020-03-31 19:00:00,Myanmar
2020-03-31 21:00:00,in
2020-04-01 03:00:00,cn
2020-04-01 04:00:00,au
2020-04-01 05:00:00,
2020-04-01 06:00:00,mm
2020-04-01 08:00:00,in
2020-04-01 15:00:00,jp
2020-04-01 16:00:00,au
2020-04-01 17:00:00,
2020-04-01 19:00:00,Myanmar
2020-04-01 20:00:00,in
2020-04-01 21:00:00,in
2020-04-02 03:00:00,cn
2020-04-02 04:00:00,
2020-04-02 06:00:00,th
2020-04-02 08:00:00,in
2020-04-02 15:00:00,au
2020-04-02 17:00:00,
2020-04-02 18:00:00,Myanmar
2020-04-02 19:00:00,th
2020-04-02 20:00:00,in
2020-04-02 22:00:00,kg
2020-04-03 02:00:00,ru
2020-04-03 04:00:00,
2020-04-03 05:00:00,au
2020-04-03 06:00:00,th
2020-04-03 07:00:00,in
2020-04-03 16:00:00,kp
2020-04-03 17:00:00,id
2020-04-03 18:00:00,la
2020-04-03 20:00:00,in
2020-04-03 21:00:00,kz
2020-04-04 04:00:00,
2020-04-04 05:00:00,Lao_PDR
2020-04-04 07:00:00,
2020-04-04 09:00:00,in
2020-04-04 16:00:00,
2020-04-04 18:00:00,vn
2020-04-04 19:00:00,cn
2020-04-04 20:00:00,in
2020-04-04 21:00:00,in
2020-04-05 03:00:00,cn
2020-04-05 05:00:00,
2020-04-05 07:00:00,Myanmar
2020-04-05 08:00:00,in
2020-04-05 09:00:00,kz
2020-04-05 16:00:00,
2020-04-05 17:00:00,cn
2020-04-05 18:00:00,la
2020-04-05 19:00:00,bd
2020-04-05 21:00:00,in
2020-04-06 03:00:00,cn
2020-04-06 05:00:00,
2020-04-06 06:00:00,Myanmar
2020-04-06 07:00:00,cn
2020-04-06 08:00:00,in
2020-04-06 15:00:00,jp
2020-04-06 16:00:00,
2020-04-06 17:00:00,cn
2020-04-06 19:00:00,Myanmar
2020-04-06 20:00:00,cn
2020-04-06 21:00:00,in
2020-04-07 03:00:00,cn
2020-04-07 04:00:00,ph
2020-04-07 05:00:00,cn
2020-04-07 06:00:00,Myanmar
2020-04-07 08:00:00,in
2020-04-07 15:00:00,
2020-04-07 17:00:00,
2020-04-07 18:00:00,cn
2020-04-07 19:00:00,Myanmar
2020-04-07 20:00:00,in
2020-04-08 04:00:00,
2020-04-08 06:00:00,th
2020-04-08 07:00:00,in
2020-04-08 08:00:00,in
2020-04-08 16:00:00,cn
2020-04-08 17:00:00,
2020-04-08 18:00:00,cn
2020-04-08 20:00:00,in
2020-04-09 04:00:00,
2020-04-09 05:00:00,th
2020-04-09 06:00:00,Myanmar
2020-04-09 07:00:00,in
2020-04-09 09:00:00,in
2020-04-09 16:00:00,
2020-04-09 18:00:00,cn
2020-04-09 20:00:00,in
2020-04-09 21:00:00,in
2020-04-10 03:00:00,au
2020-04-10 04:00:00,cn
2020-04-10 05:00:00,cn
2020-04-10 07:00:00,
2020-04-10 08:00:00,in
2020-04-10 09:00:00,in
2020-04-10 16:00:00,
2020-04-10 18:00:00,cn
2020-04-10 19:00:00,in
2020-04-10 21:00:00,in
2020-04-11 03:00:00,cn
2020-04-11 05:00:00,
2020-04-11 06:00:00,Thailand
2020-04-11 07:00:00,Myanmar
2020-04-11 08:00:00,in
2020-04-11 16:00:00,
2020-04-11 17:00:00,cn
2020-04-11 19:00:00,Myanmar
2020-04-11 21:00:00,in
2020-04-12 03:00:00,cn
2020-04-12 04:00:00,ph
2020-04-12 05:00:00,cn
2020-04-12 06:00:00,th
2020-04-12 08:00:00,in
2020-04-12 16:00:00,au
2020-04-12 17:00:00,cn
2020-04-12 19:00:00,Myanmar
2020-04-12 20:00:00,in
2020-04-13 03:00:00,cn
2020-04-13 04:00:00,kr
2020-04-13 06:00:00,Myanmar
2020-04-13 08:00:00,in
2020-04-13 17:00:00,
2020-04-13 18:00:00,cn
2020-04-13 19:00:00,id
2020-04-13 20:00:00,in
2020-04-14 02:00:00,ru
2020-04-14 04:00:00,kp
2020-04-14 05:00:00,id
2020-04-14 06:00:00,mm
2020-04-14 07:00:00,in
2020-04-14 16:00:00,kp
2020-04-14 17:00:00,au
2020-04-14 18:00:00,cn
2020-04-14 20:00:00,in
2020-04-14 21:00:00,pk
2020-04-15 03:00:00,au
2020-04-15 04:00:00,cn
2020-04-15 05:00:00,
2020-04-15 07:00:00,in
2020-04-15 09:00:00,in
2020-04-15 16:00:00,kr
2020-04-15 18:00:00,cn
2020-04-15 19:00:00,in
2020-04-15 20:00:00,in
2020-04-15 21:00:00,in
2020-04-16 03:00:00,cn
2020-04-16 05:00:00,
2020-04-16 07:00:00,
2020-04-16 08:00:00,in
2020-04-16 16:00:00,
2020-04-16 17:00:00,cn
2020-04-16 18:00:00,my
2020-04-16 19:00:00,in
2020-04-16 21:00:00,in
2020-04-17 03:00:00,cn
2020-04-17 04:00:00,au
2020-04-17 05:00:00,
2020-04-17 06:00:00,th
2020-04-17 08:00:00,in
2020-04-17 16:00:00,
2020-04-17 17:00:00,cn
2020-04-17 19:00:00,Myanmar
2020-04-17 20:00:00,in
2020-04-17 21:00:00,in
2020-04-18 03:00:00,cn
2020-04-18 04:00:00,
2020-04-18 06:00:00,th
2020-04-18 08:00:00,in
2020-04-18 15:00:00,au
2020-04-18 17:00:00,
2020-04-18 18:00:00,Myanmar
2020-04-18 19:00:00,mm
2020-04-18 20:00:00,in
2020-04-19 02:00:00,ru
2020-04-19 04:00:00,id
2020-04-19 05:00:00,au
2020-04-19 06:00:00,th
2020-04-19 07:00:00,in
2020-04-19 15:00:00,au
2020-04-19 16:00:00,cn
2020-04-19 17:00:00,id
2020-04-19 18:00:00,Lao_PDR
2020-04-19 20:00:00,in
2020-04-19 21:00:00,kg
2020-04-20 04:00:00,
2020-04-20 05:00:00,la
2020-04-20 06:00:00,cn
2020-04-20 07:00:00,in
2020-04-20 09:00:00,in
2020-04-20 16:00:00,id
2020-04-20 18:00:00,Lao_PDR
2020-04-20 19:00:00,cn
2020-04-20 20:00:00,in
2020-04-20 21:00:00,pk
2020-04-21 03:00:00,
2020-04-21 05:00:00,vn
2020-04-21 07:00:00,Myanmar
2020-04-21 08:00:00,in
2020-04-21 09:00:00,kz
2020-04-21 16:00:00,id
2020-04-21 17:00:00,cn
2020-04-21 18:00:00,kh
2020-04-21 19:00:00,in
2020-04-21 21:00:00,in
2020-04-22 03:00:00,
2020-04-22 05:00:00,id
2020-04-22 06:00:00,mm
2020-04-22 07:00:00,kz
2020-04-22 08:00:00,in
2020-04-22 15:00:00,jp
2020-04-22 16:00:00,au
2020-04-22 17:00:00,cn
2020-04-22 19:00:00,Myanmar
2020-04-22 20:00:00,cn
2020-04-22 21:00:00,in
2020-04-23 03:00:00,cn
2020-04-23 04:00:00,tl
2020-04-23 05:00:00,cn
2020-04-23 06:00:00,th
2020-04-23 08:00:00,in
2020-04-23 15:00:00,au
2020-04-23 17:00:00,cn
2020-04-23 18:00:00,cn
2020-04-23 19:00:00,cn
2020-04-23 20:00:00,in
2020-04-23 22:00:00,kz
2020-04-24 03:00:00,ru
2020-04-24 04:00:00,id
2020-04-24 06:00:00,kh
2020-04-24 07:00:00,in
2020-04-24 08:00:00,in
2020-04-24 15:00:00,au
2020-04-24 16:00:00,cn
2020-04-24 17:00:00,
2020-04-24 18:00:00,cn
2020-04-24 20:00:00,in
2020-04-24 22:00:00,kz
2020-04-25 04:00:00,id
2020-04-25 05:00:00,id
2020-04-25 06:00:00,cn
2020-04-25 07:00:00,in
2020-04-25 09:00:00,
2020-04-25 16:00:00,
2020-04-25 18:00:00,cn
2020-04-25 20:00:00,in
2020-04-25 21:00:00,pk
2020-04-26 03:00:00,au
2020-04-26 04:00:00,cn
2020-04-26 05:00:00,my
2020-04-26 07:00:00,in
2020-04-26 09:00:00,in
2020-04-26 16:00:00,id
2020-04-26 18:00:00,cn
2020-04-26 19:00:00,cn
2020-04-26 21:00:00,in
2020-04-27 03:00:00,cn
2020-04-27 05:00:00,
2020-04-27 06:00:00,kh
2020-04-27 07:00:00,in
2020-04-27 08:00:00,in
2020-04-27 16:00:00,
2020-04-27 17:00:00,cn
2020-04-27 19:00:00,cn
2020-04-27 21:00:00,in
2020-04-28 03:00:00,kp
2020-04-28 04:00:00,au
2020-04-28 05:00:00,cn
2020-04-28 06:00:00,th
2020-04-28 08:00:00,in
2020-04-28 15:00:00,id
2020-04-28 16:00:00,au
2020-04-28 17:00:00,cn
2020-04-28 19:00:00,cn
2020-04-28 20:00:00,in
2020-04-29 03:00:00,cn
2020-04-29 04:00:00,
2020-04-29 06:00:00,Cambodia
2020-04-29 08:00:00,in
2020-04-29 15:00:00,au
2020-04-29 17:00:00,jp
2020-04-29 18:00:00,cn
2020-04-29 20:00:00,in
2020-04-30 02:00:00,ru
2020-04-30 04:00:00,id
2020-04-30 05:00:00,au
2020-04-30 06:00:00,Lao_PDR
2020-04-30 07:00:00,in
2020-04-30 15:00:00,au
2020-04-30 16:00:00,
2020-04-30 17:00:00,au
2020-04-30 18:00:00,cn
2020-04-30 20:00:00,in
2020-04-30 21:00:00,kg
2020-05-01 03:00:00,au
2020-05-01 04:00:00,cn
2020-05-01 05:00:00,id
2020-05-01 07:00:00,in
2020-05-01 09:00:00,in
2020-05-01 16:00:00,
2020-05-01 18:00:00,cn
2020-05-01 19:00:00,in
2020-05-01 20:00:00,lk
2020-05-01 21:00:00,in
2020-05-02 03:00:00,cn
2020-05-02 05:00:00,id
2020-05-02 07:00:00,in
2020-05-02 08:00:00,in
2020-05-02 16:00:00,
2020-05-02 17:00:00,cn
2020-05-02 18:00:00,id
2020-05-02 19:00:00,in
2020-05-02 21:00:00,in
2020-05-03 03:00:00,cn
2020-05-03 04:00:00,au
2020-05-03 05:00:00,cn
2020-05-03 06:00:00,Myanmar
2020-05-03 08:00:00,in
2020-05-03 15:00:00,jp
2020-05-03 16:00:00,au
2020-05-03 17:00:00,
2020-05-03 19:00:00,Myanmar
2020-05-03 20:00:00,in
2020-05-03 21:00:00,in
2020-05-04 03:00:00,cn
2020-05-04 04:00:00,id
2020-05-04 06:00:00,th
2020-05-04 08:00:00,in
2020-05-04 15:00:00,au
2020-05-04 17:00:00,
2020-05-04 18:00:00,cn
2020-05-04 19:00:00,th
2020-05-04 20:00:00,in
2020-05-05 02:00:00,ru
2020-05-05 04:00:00,id
2020-05-05 05:00:00,au
2020-05-05 06:00:00,th
2020-05-05 07:00:00,in
2020-05-05 15:00:00,au
2020-05-05 16:00:00,
2020-05-05 17:00:00,
2020-05-05 18:00:00,cn
2020-05-05 20:00:00,in
2020-05-05 21:00:00,pk
2020-05-06 02:00:00,ru
2020-05-06 04:00:00,
2020-05-06 05:00:00,
2020-05-06 07:00:00,in
2020-05-06 09:00:00,in
2020-05-06 16:00:00,id
2020-05-06 18:00:00,Lao_PDR
2020-05-06 19:00:00,cn
2020-05-06 20:00:00,in
2020-05-06 21:00:00,pk
2020-05-07 03:00:00,
2020-05-07 05:00:00,id
2020-05-07 07:00:00,in
2020-05-07 08:00:00,in
2020-05-07 16:00:00,id
2020-05-07 17:00:00,kr
2020-05-07 18:00:00,
2020-05-07 19:00:00,in
2020-05-07 21:00:00,in
2020-05-08 03:00:00,
2020-05-08 05:00:00,id
2020-05-08 06:00:00,bd
2020-05-08 07:00:00,cn
2020-05-08 08:00:00,in
2020-05-08 15:00:00,
2020-05-08 16:00:00,au
2020-05-08 17:00:00,
2020-05-08 19:00:00,Myanmar
2020-05-08 20:00:00,cn
2020-05-08 21:00:00,in
2020-05-09 03:00:00,ru
2020-05-09 04:00:00,
2020-05-09 05:00:00,cn
2020-05-09 06:00:00,th
2020-05-09 08:00:00,in
2020-05-09 15:00:00,au
2020-05-09 17:00:00,
2020-05-09 18:00:00,cn
2020-05-09 19:00:00,cn
2020-05-09 20:00:00,in
2020-05-10 04:00:00,id
2020-05-10 06:00:00,th
2020-05-10 07:00:00,in
2020-05-10 08:00:00,in
2020-05-10 15:00:00,au
2020-05-10 16:00:00,cn
2020-05-10 17:00:00,ph
2020-05-10 18:00:00,cn
2020-05-10 20:00:00,np
2020-05-10 22:00:00,tj
2020-05-11 04:00:00,
2020-05-11 05:00:00,id
2020-05-11 06:00:00,cn
2020-05-11 07:00:00,in
2020-05-11 09:00:00,in
2020-05-11 15:00:00,au
2020-05-11 16:00:00,id
2020-05-11 18:00:00,cn
2020-05-11 20:00:00,in
2020-05-11 21:00:00,pk
2020-05-12 03:00:00,au
2020-05-12 04:00:00,kp
2020-05-12 05:00:00,id
2020-05-12 07:00:00,in
2020-05-12 09:00:00,in
2020-05-12 16:00:00,
2020-05-12 18:00:00,cn
2020-05-12 19:00:00,np
2020-05-12 21:00:00,in
2020-05-13 03:00:00,kp
2020-05-13 05:00:00,id
2020-05-13 06:00:00,kh
2020-05-13 07:00:00,in
2020-05-13 08:00:00,in
2020-05-13 16:00:00,
2020-05-13 17:00:00,cn
2020-05-13 18:00:00,au
2020-05-13 19:00:00,Myanmar
2020-05-13 21:00:00,in
2020-05-14 03:00:00,ru
2020-05-14 04:00:00,au
2020-05-14 05:00:00,cn
2020-05-14 06:00:00,th
2020-05-14 08:00:00,in
2020-05-14 15:00:00,au
2020-05-14 16:00:00,au
2020-05-14 17:00:00,ph
2020-05-14 19:00:00,cn
2020-05-14 20:00:00,cn
2020-05-15 04:00:00,au
2020-05-15 06:00:00,th
2020-05-15 08:00:00,in
2020-05-15 15:00:00,au
2020-05-15 17:00:00,id
2020-05-15 18:00:00,cn
2020-05-15 19:00:00,id
2020-05-15 20:00:00,in
2020-05-15 22:00:00,kg
2020-05-16 04:00:00,
2020-05-16 05:00:00,
2020-05-16 06:00:00,la
2020-05-16 07:00:00,in
2020-05-16 16:00:00,
2020-05-16 17:00:00,au
2020-05-16 18:00:00,cn
2020-05-16 20:00:00,np
2020-05-16 21:00:00,uz
2020-05-17 03:00:00,au
2020-05-17 04:00:00,kr
2020-05-17 05:00:00,id
2020-05-17 07:00:00,in
2020-05-17 09:00:00,pk
2020-05-17 16:00:00,
2020-05-17 18:00:00,cn
2020-05-17 19:00:00,cn
2020-05-17 21:00:00,pk
2020-05-18 05:00:00,id
2020-05-18 07:00:00,in
2020-05-18 08:00:00,in
2020-05-18 16:00:00,
2020-05-18 17:00:00,cn
2020-05-18 18:00:00,
2020-05-18 19:00:00,cn
2020-05-18 21:00:00,in
2020-05-19 03:00:00,
2020-05-19 04:00:00,au
2020-05-19 05:00:00,cn
2020-05-19 06:00:00,Myanmar
2020-05-19 08:00:00,in
2020-05-19 15:00:00,jp
2020-05-19 16:00:00,au
2020-05-19 17:00:00,cn
2020-05-19 19:00:00,cn
2020-05-19 20:00:00,in
2020-05-19 21:00:00,in
2020-05-20 03:00:00,ru
2020-05-20 04:00:00,id
2020-05-20 06:00:00,th
2020-05-20 08:00:00,in
2020-05-20 15:00:00,au
2020-05-20 17:00:00,cn
2020-05-20 18:00:00,cn
2020-05-20 19:00:00,
2020-05-20 20:00:00,in
2020-05-20 22:00:00,kg
2020-05-21 02:00:00,ru
2020-05-21 04:00:00,
2020-05-21 06:00:00,Lao_PDR
2020-05-21 07:00:00,in
2020-05-21 16:00:00,
2020-05-21 17:00:00,id
2020-05-21 18:00:00,cn
2020-05-21 20:00:00,in
2020-05-21 21:00:00,kg
2020-05-22 02:00:00,ru
2020-05-22 04:00:00,kr
2020-05-22 05:00:00,Lao_PDR
2020-05-22 06:00:00,cn
2020-05-22 07:00:00,in
2020-05-22 09:00:00,in
2020-05-22 16:00:00,
2020-05-22 18:00:00,cn
2020-05-22 19:00:00,cn
2020-05-22 20:00:00,in
2020-05-22 21:00:00,cn
2020-05-23 03:00:00,jp
2020-05-23 05:00:00,cn
2020-05-23 07:00:00,in
2020-05-23 08:00:00,in
2020-05-23 16:00:00,id
2020-05-23 17:00:00,cn
2020-05-23 18:00:00,
2020-05-23 19:00:00,cn
2020-05-23 21:00:00,in
2020-05-24 03:00:00,
2020-05-24 05:00:00,
2020-05-24 06:00:00,in
2020-05-24 07:00:00,cn
2020-05-24 08:00:00,in
2020-05-24 15:00:00,jp
2020-05-24 16:00:00,au
2020-05-24 17:00:00,cn
2020-05-24 19:00:00,cn
2020-05-24 20:00:00,cn
2020-05-24 21:00:00,in
2020-05-25 03:00:00,ru
2020-05-25 04:00:00,au
2020-05-25 05:00:00,cn
2020-05-25 06:00:00,th
2020-05-25 08:00:00,in
2020-05-25 15:00:00,au
2020-05-25 17:00:00,cn
2020-05-25 18:00:00,mn
2020-05-25 19:00:00,cn
2020-05-25 20:00:00,in
2020-05-26 04:00:00,id
2020-05-26 06:00:00,kh
2020-05-26 07:00:00,in
2020-05-26 08:00:00,in
2020-05-26 15:00:00,au
2020-05-26 16:00:00,cn
2020-05-26 17:00:00,
2020-05-26 18:00:00,cn
2020-05-26 20:00:00,np
2020-05-26 22:00:00,kg
2020-05-27 04:00:00,
2020-05-27 05:00:00,Cambodia
2020-05-27 06:00:00,cn
2020-05-27 07:00:00,in
2020-05-27 09:00:00,
2020-05-27 16:00:00,
2020-05-27 18:00:00,cn
2020-05-27 20:00:00,in
2020-05-27 21:00:00,pk
2020-05-28 03:00:00,au
2020-05-28 04:00:00,kr
2020-05-28 05:00:00,id
2020-05-28 07:00:00,in
2020-05-28 09:00:00,in
2020-05-28 16:00:00,id
2020-05-28 18:00:00,cn
2020-05-28 19:00:00,cn
2020-05-28 21:00:00,in
2020-05-29 03:00:00,
2020-05-29 05:00:00,id
2020-05-29 06:00:00,id
2020-05-29 07:00:00,in
2020-05-29 08:00:00,in
2020-05-29 16:00:00,
2020-05-29 17:00:00,cn
2020-05-29 19:00:00,cn
2020-05-29 21:00:00,cn
2020-05-30 03:00:00,cn
2020-05-30 04:00:00,au
2020-05-30 05:00:00,cn
2020-05-30 06:00:00,Thailand
2020-05-30 08:00:00,in
2020-05-30 15:00:00,au
2020-05-30 16:00:00,au
2020-05-30 17:00:00,cn
2020-05-30 19:00:00,cn
2020-05-30 20:00:00,in
2020-05-31 03:00:00,cn
2020-05-31 04:00:00,id
2020-05-31 06:00:00,Lao_PDR
2020-05-31 08:00:00,in
2020-05-31 15:00:00,au
2020-05-31 17:00:00,cn
2020-05-31 18:00:00,cn
2020-05-31 19:00:00,id
2020-05-31 20:00:00,cn
2020-05-31 22:00:00,kg
